{
    "EXCHANGERATES_API_TOKEN": "personal_access_token",
    "eur_to_usd": 1.180414,
    "usd_to_eur": 0.8471604030450333,
    "timestamp": 1772177468
}